--
-- PostgreSQL database dump
--

-- Dumped from database version 12.2
-- Dumped by pg_dump version 12.2

-- Started on 2020-03-12 01:44:45

SET statement_timeout = 0;
SET lock_timeout = 0;
SET idle_in_transaction_session_timeout = 0;
SET client_encoding = 'UTF8';
SET standard_conforming_strings = on;
SELECT pg_catalog.set_config('search_path', '', false);
SET check_function_bodies = false;
SET xmloption = content;
SET client_min_messages = warning;
SET row_security = off;

SET default_tablespace = '';

SET default_table_access_method = heap;

--
-- TOC entry 228 (class 1259 OID 16671)
-- Name: Freetime; Type: TABLE; Schema: public; Owner: postgres
--

CREATE TABLE public."Freetime" (
    "Freetime_id" integer NOT NULL,
    "Mon_beg" time without time zone,
    "Mon_end" time without time zone,
    "Tue_beg" time without time zone,
    "Tue_end" time without time zone,
    "Wen_beg" time without time zone,
    "Wen_end" time without time zone,
    "Thu_beg" time without time zone,
    "Thu_end" time without time zone,
    "Fri_beg" time without time zone,
    "Fri_end" time without time zone
);


ALTER TABLE public."Freetime" OWNER TO postgres;

--
-- TOC entry 202 (class 1259 OID 16413)
-- Name: Group; Type: TABLE; Schema: public; Owner: postgres
--

CREATE TABLE public."Group" (
    "Group_id" integer NOT NULL,
    "Group" character varying(5) NOT NULL
);


ALTER TABLE public."Group" OWNER TO postgres;

--
-- TOC entry 208 (class 1259 OID 16458)
-- Name: Meeting; Type: TABLE; Schema: public; Owner: postgres
--

CREATE TABLE public."Meeting" (
    "Meeting_id" integer NOT NULL,
    "Meeting_time" time without time zone NOT NULL,
    "Notes" text NOT NULL,
    "Student" character(6) NOT NULL,
    "Teacher" integer NOT NULL,
    "Meeting_status" integer NOT NULL
);


ALTER TABLE public."Meeting" OWNER TO postgres;

--
-- TOC entry 204 (class 1259 OID 16426)
-- Name: Meeting_status; Type: TABLE; Schema: public; Owner: postgres
--

CREATE TABLE public."Meeting_status" (
    "Status_id" integer NOT NULL,
    "Status" text NOT NULL
);


ALTER TABLE public."Meeting_status" OWNER TO postgres;

--
-- TOC entry 203 (class 1259 OID 16418)
-- Name: School; Type: TABLE; Schema: public; Owner: postgres
--

CREATE TABLE public."School" (
    "School_id" integer NOT NULL,
    "School" text NOT NULL
);


ALTER TABLE public."School" OWNER TO postgres;

--
-- TOC entry 206 (class 1259 OID 16442)
-- Name: Students; Type: TABLE; Schema: public; Owner: postgres
--

CREATE TABLE public."Students" (
    "Student_id" character(6) NOT NULL,
    "Name" text NOT NULL,
    "Group" integer NOT NULL,
    "Work" integer NOT NULL,
    "Course" integer NOT NULL,
    "School" integer NOT NULL,
    "Email" text NOT NULL,
    "Login" text NOT NULL
);


ALTER TABLE public."Students" OWNER TO postgres;

--
-- TOC entry 207 (class 1259 OID 16450)
-- Name: Teachers; Type: TABLE; Schema: public; Owner: postgres
--

CREATE TABLE public."Teachers" (
    "Teacher_id" integer NOT NULL,
    "Name" text NOT NULL,
    "Password" text NOT NULL,
    "Email" text NOT NULL,
    "Phone" text NOT NULL,
    "Login" text NOT NULL,
    "Freetime" integer
);


ALTER TABLE public."Teachers" OWNER TO postgres;

--
-- TOC entry 205 (class 1259 OID 16434)
-- Name: Work; Type: TABLE; Schema: public; Owner: postgres
--

CREATE TABLE public."Work" (
    "Type_id" integer NOT NULL,
    "Type_name" text NOT NULL,
    "General_criteria" text NOT NULL,
    "Titles_criteria" text NOT NULL,
    "Lists_criteria" text NOT NULL,
    "Tables_criteria" text NOT NULL,
    "Formulas_criteria" text NOT NULL,
    "Pictures_criteria" text NOT NULL,
    "Literature_criteria" text NOT NULL,
    "Applications_criteria" text NOT NULL
);


ALTER TABLE public."Work" OWNER TO postgres;

--
-- TOC entry 216 (class 1259 OID 16533)
-- Name: auth_group; Type: TABLE; Schema: public; Owner: postgres
--

CREATE TABLE public.auth_group (
    id integer NOT NULL,
    name character varying(150) NOT NULL
);


ALTER TABLE public.auth_group OWNER TO postgres;

--
-- TOC entry 215 (class 1259 OID 16531)
-- Name: auth_group_id_seq; Type: SEQUENCE; Schema: public; Owner: postgres
--

CREATE SEQUENCE public.auth_group_id_seq
    AS integer
    START WITH 1
    INCREMENT BY 1
    NO MINVALUE
    NO MAXVALUE
    CACHE 1;


ALTER TABLE public.auth_group_id_seq OWNER TO postgres;

--
-- TOC entry 3029 (class 0 OID 0)
-- Dependencies: 215
-- Name: auth_group_id_seq; Type: SEQUENCE OWNED BY; Schema: public; Owner: postgres
--

ALTER SEQUENCE public.auth_group_id_seq OWNED BY public.auth_group.id;


--
-- TOC entry 218 (class 1259 OID 16543)
-- Name: auth_group_permissions; Type: TABLE; Schema: public; Owner: postgres
--

CREATE TABLE public.auth_group_permissions (
    id integer NOT NULL,
    group_id integer NOT NULL,
    permission_id integer NOT NULL
);


ALTER TABLE public.auth_group_permissions OWNER TO postgres;

--
-- TOC entry 217 (class 1259 OID 16541)
-- Name: auth_group_permissions_id_seq; Type: SEQUENCE; Schema: public; Owner: postgres
--

CREATE SEQUENCE public.auth_group_permissions_id_seq
    AS integer
    START WITH 1
    INCREMENT BY 1
    NO MINVALUE
    NO MAXVALUE
    CACHE 1;


ALTER TABLE public.auth_group_permissions_id_seq OWNER TO postgres;

--
-- TOC entry 3030 (class 0 OID 0)
-- Dependencies: 217
-- Name: auth_group_permissions_id_seq; Type: SEQUENCE OWNED BY; Schema: public; Owner: postgres
--

ALTER SEQUENCE public.auth_group_permissions_id_seq OWNED BY public.auth_group_permissions.id;


--
-- TOC entry 214 (class 1259 OID 16525)
-- Name: auth_permission; Type: TABLE; Schema: public; Owner: postgres
--

CREATE TABLE public.auth_permission (
    id integer NOT NULL,
    name character varying(255) NOT NULL,
    content_type_id integer NOT NULL,
    codename character varying(100) NOT NULL
);


ALTER TABLE public.auth_permission OWNER TO postgres;

--
-- TOC entry 213 (class 1259 OID 16523)
-- Name: auth_permission_id_seq; Type: SEQUENCE; Schema: public; Owner: postgres
--

CREATE SEQUENCE public.auth_permission_id_seq
    AS integer
    START WITH 1
    INCREMENT BY 1
    NO MINVALUE
    NO MAXVALUE
    CACHE 1;


ALTER TABLE public.auth_permission_id_seq OWNER TO postgres;

--
-- TOC entry 3031 (class 0 OID 0)
-- Dependencies: 213
-- Name: auth_permission_id_seq; Type: SEQUENCE OWNED BY; Schema: public; Owner: postgres
--

ALTER SEQUENCE public.auth_permission_id_seq OWNED BY public.auth_permission.id;


--
-- TOC entry 220 (class 1259 OID 16551)
-- Name: auth_user; Type: TABLE; Schema: public; Owner: postgres
--

CREATE TABLE public.auth_user (
    id integer NOT NULL,
    password character varying(128) NOT NULL,
    last_login timestamp with time zone,
    is_superuser boolean NOT NULL,
    username character varying(150) NOT NULL,
    first_name character varying(30) NOT NULL,
    last_name character varying(150) NOT NULL,
    email character varying(254) NOT NULL,
    is_staff boolean NOT NULL,
    is_active boolean NOT NULL,
    date_joined timestamp with time zone NOT NULL
);


ALTER TABLE public.auth_user OWNER TO postgres;

--
-- TOC entry 222 (class 1259 OID 16561)
-- Name: auth_user_groups; Type: TABLE; Schema: public; Owner: postgres
--

CREATE TABLE public.auth_user_groups (
    id integer NOT NULL,
    user_id integer NOT NULL,
    group_id integer NOT NULL
);


ALTER TABLE public.auth_user_groups OWNER TO postgres;

--
-- TOC entry 221 (class 1259 OID 16559)
-- Name: auth_user_groups_id_seq; Type: SEQUENCE; Schema: public; Owner: postgres
--

CREATE SEQUENCE public.auth_user_groups_id_seq
    AS integer
    START WITH 1
    INCREMENT BY 1
    NO MINVALUE
    NO MAXVALUE
    CACHE 1;


ALTER TABLE public.auth_user_groups_id_seq OWNER TO postgres;

--
-- TOC entry 3032 (class 0 OID 0)
-- Dependencies: 221
-- Name: auth_user_groups_id_seq; Type: SEQUENCE OWNED BY; Schema: public; Owner: postgres
--

ALTER SEQUENCE public.auth_user_groups_id_seq OWNED BY public.auth_user_groups.id;


--
-- TOC entry 219 (class 1259 OID 16549)
-- Name: auth_user_id_seq; Type: SEQUENCE; Schema: public; Owner: postgres
--

CREATE SEQUENCE public.auth_user_id_seq
    AS integer
    START WITH 1
    INCREMENT BY 1
    NO MINVALUE
    NO MAXVALUE
    CACHE 1;


ALTER TABLE public.auth_user_id_seq OWNER TO postgres;

--
-- TOC entry 3033 (class 0 OID 0)
-- Dependencies: 219
-- Name: auth_user_id_seq; Type: SEQUENCE OWNED BY; Schema: public; Owner: postgres
--

ALTER SEQUENCE public.auth_user_id_seq OWNED BY public.auth_user.id;


--
-- TOC entry 224 (class 1259 OID 16569)
-- Name: auth_user_user_permissions; Type: TABLE; Schema: public; Owner: postgres
--

CREATE TABLE public.auth_user_user_permissions (
    id integer NOT NULL,
    user_id integer NOT NULL,
    permission_id integer NOT NULL
);


ALTER TABLE public.auth_user_user_permissions OWNER TO postgres;

--
-- TOC entry 223 (class 1259 OID 16567)
-- Name: auth_user_user_permissions_id_seq; Type: SEQUENCE; Schema: public; Owner: postgres
--

CREATE SEQUENCE public.auth_user_user_permissions_id_seq
    AS integer
    START WITH 1
    INCREMENT BY 1
    NO MINVALUE
    NO MAXVALUE
    CACHE 1;


ALTER TABLE public.auth_user_user_permissions_id_seq OWNER TO postgres;

--
-- TOC entry 3034 (class 0 OID 0)
-- Dependencies: 223
-- Name: auth_user_user_permissions_id_seq; Type: SEQUENCE OWNED BY; Schema: public; Owner: postgres
--

ALTER SEQUENCE public.auth_user_user_permissions_id_seq OWNED BY public.auth_user_user_permissions.id;


--
-- TOC entry 226 (class 1259 OID 16629)
-- Name: django_admin_log; Type: TABLE; Schema: public; Owner: postgres
--

CREATE TABLE public.django_admin_log (
    id integer NOT NULL,
    action_time timestamp with time zone NOT NULL,
    object_id text,
    object_repr character varying(200) NOT NULL,
    action_flag smallint NOT NULL,
    change_message text NOT NULL,
    content_type_id integer,
    user_id integer NOT NULL,
    CONSTRAINT django_admin_log_action_flag_check CHECK ((action_flag >= 0))
);


ALTER TABLE public.django_admin_log OWNER TO postgres;

--
-- TOC entry 225 (class 1259 OID 16627)
-- Name: django_admin_log_id_seq; Type: SEQUENCE; Schema: public; Owner: postgres
--

CREATE SEQUENCE public.django_admin_log_id_seq
    AS integer
    START WITH 1
    INCREMENT BY 1
    NO MINVALUE
    NO MAXVALUE
    CACHE 1;


ALTER TABLE public.django_admin_log_id_seq OWNER TO postgres;

--
-- TOC entry 3035 (class 0 OID 0)
-- Dependencies: 225
-- Name: django_admin_log_id_seq; Type: SEQUENCE OWNED BY; Schema: public; Owner: postgres
--

ALTER SEQUENCE public.django_admin_log_id_seq OWNED BY public.django_admin_log.id;


--
-- TOC entry 212 (class 1259 OID 16515)
-- Name: django_content_type; Type: TABLE; Schema: public; Owner: postgres
--

CREATE TABLE public.django_content_type (
    id integer NOT NULL,
    app_label character varying(100) NOT NULL,
    model character varying(100) NOT NULL
);


ALTER TABLE public.django_content_type OWNER TO postgres;

--
-- TOC entry 211 (class 1259 OID 16513)
-- Name: django_content_type_id_seq; Type: SEQUENCE; Schema: public; Owner: postgres
--

CREATE SEQUENCE public.django_content_type_id_seq
    AS integer
    START WITH 1
    INCREMENT BY 1
    NO MINVALUE
    NO MAXVALUE
    CACHE 1;


ALTER TABLE public.django_content_type_id_seq OWNER TO postgres;

--
-- TOC entry 3036 (class 0 OID 0)
-- Dependencies: 211
-- Name: django_content_type_id_seq; Type: SEQUENCE OWNED BY; Schema: public; Owner: postgres
--

ALTER SEQUENCE public.django_content_type_id_seq OWNED BY public.django_content_type.id;


--
-- TOC entry 210 (class 1259 OID 16504)
-- Name: django_migrations; Type: TABLE; Schema: public; Owner: postgres
--

CREATE TABLE public.django_migrations (
    id integer NOT NULL,
    app character varying(255) NOT NULL,
    name character varying(255) NOT NULL,
    applied timestamp with time zone NOT NULL
);


ALTER TABLE public.django_migrations OWNER TO postgres;

--
-- TOC entry 209 (class 1259 OID 16502)
-- Name: django_migrations_id_seq; Type: SEQUENCE; Schema: public; Owner: postgres
--

CREATE SEQUENCE public.django_migrations_id_seq
    AS integer
    START WITH 1
    INCREMENT BY 1
    NO MINVALUE
    NO MAXVALUE
    CACHE 1;


ALTER TABLE public.django_migrations_id_seq OWNER TO postgres;

--
-- TOC entry 3037 (class 0 OID 0)
-- Dependencies: 209
-- Name: django_migrations_id_seq; Type: SEQUENCE OWNED BY; Schema: public; Owner: postgres
--

ALTER SEQUENCE public.django_migrations_id_seq OWNED BY public.django_migrations.id;


--
-- TOC entry 227 (class 1259 OID 16660)
-- Name: django_session; Type: TABLE; Schema: public; Owner: postgres
--

CREATE TABLE public.django_session (
    session_key character varying(40) NOT NULL,
    session_data text NOT NULL,
    expire_date timestamp with time zone NOT NULL
);


ALTER TABLE public.django_session OWNER TO postgres;

--
-- TOC entry 2784 (class 2604 OID 16536)
-- Name: auth_group id; Type: DEFAULT; Schema: public; Owner: postgres
--

ALTER TABLE ONLY public.auth_group ALTER COLUMN id SET DEFAULT nextval('public.auth_group_id_seq'::regclass);


--
-- TOC entry 2785 (class 2604 OID 16546)
-- Name: auth_group_permissions id; Type: DEFAULT; Schema: public; Owner: postgres
--

ALTER TABLE ONLY public.auth_group_permissions ALTER COLUMN id SET DEFAULT nextval('public.auth_group_permissions_id_seq'::regclass);


--
-- TOC entry 2783 (class 2604 OID 16528)
-- Name: auth_permission id; Type: DEFAULT; Schema: public; Owner: postgres
--

ALTER TABLE ONLY public.auth_permission ALTER COLUMN id SET DEFAULT nextval('public.auth_permission_id_seq'::regclass);


--
-- TOC entry 2786 (class 2604 OID 16554)
-- Name: auth_user id; Type: DEFAULT; Schema: public; Owner: postgres
--

ALTER TABLE ONLY public.auth_user ALTER COLUMN id SET DEFAULT nextval('public.auth_user_id_seq'::regclass);


--
-- TOC entry 2787 (class 2604 OID 16564)
-- Name: auth_user_groups id; Type: DEFAULT; Schema: public; Owner: postgres
--

ALTER TABLE ONLY public.auth_user_groups ALTER COLUMN id SET DEFAULT nextval('public.auth_user_groups_id_seq'::regclass);


--
-- TOC entry 2788 (class 2604 OID 16572)
-- Name: auth_user_user_permissions id; Type: DEFAULT; Schema: public; Owner: postgres
--

ALTER TABLE ONLY public.auth_user_user_permissions ALTER COLUMN id SET DEFAULT nextval('public.auth_user_user_permissions_id_seq'::regclass);


--
-- TOC entry 2789 (class 2604 OID 16632)
-- Name: django_admin_log id; Type: DEFAULT; Schema: public; Owner: postgres
--

ALTER TABLE ONLY public.django_admin_log ALTER COLUMN id SET DEFAULT nextval('public.django_admin_log_id_seq'::regclass);


--
-- TOC entry 2782 (class 2604 OID 16518)
-- Name: django_content_type id; Type: DEFAULT; Schema: public; Owner: postgres
--

ALTER TABLE ONLY public.django_content_type ALTER COLUMN id SET DEFAULT nextval('public.django_content_type_id_seq'::regclass);


--
-- TOC entry 2781 (class 2604 OID 16507)
-- Name: django_migrations id; Type: DEFAULT; Schema: public; Owner: postgres
--

ALTER TABLE ONLY public.django_migrations ALTER COLUMN id SET DEFAULT nextval('public.django_migrations_id_seq'::regclass);


--
-- TOC entry 3023 (class 0 OID 16671)
-- Dependencies: 228
-- Data for Name: Freetime; Type: TABLE DATA; Schema: public; Owner: postgres
--

COPY public."Freetime" ("Freetime_id", "Mon_beg", "Mon_end", "Tue_beg", "Tue_end", "Wen_beg", "Wen_end", "Thu_beg", "Thu_end", "Fri_beg", "Fri_end") FROM stdin;
1	20:31:18	20:31:19	20:31:19	20:31:20	20:31:21	20:31:22	20:31:23	20:31:23	20:31:25	20:31:25
\.


--
-- TOC entry 2997 (class 0 OID 16413)
-- Dependencies: 202
-- Data for Name: Group; Type: TABLE DATA; Schema: public; Owner: postgres
--

COPY public."Group" ("Group_id", "Group") FROM stdin;
1	БИ-17
2	ПИ-17
3	И-17
4	Э-18
\.


--
-- TOC entry 3003 (class 0 OID 16458)
-- Dependencies: 208
-- Data for Name: Meeting; Type: TABLE DATA; Schema: public; Owner: postgres
--

COPY public."Meeting" ("Meeting_id", "Meeting_time", "Notes", "Student", "Teacher", "Meeting_status") FROM stdin;
\.


--
-- TOC entry 2999 (class 0 OID 16426)
-- Dependencies: 204
-- Data for Name: Meeting_status; Type: TABLE DATA; Schema: public; Owner: postgres
--

COPY public."Meeting_status" ("Status_id", "Status") FROM stdin;
1	Запланирована
2	В процессе
3	Закончена
\.


--
-- TOC entry 2998 (class 0 OID 16418)
-- Dependencies: 203
-- Data for Name: School; Type: TABLE DATA; Schema: public; Owner: postgres
--

COPY public."School" ("School_id", "School") FROM stdin;
1	Бизнес - информатика
2	Программная инженерия
\.


--
-- TOC entry 3001 (class 0 OID 16442)
-- Dependencies: 206
-- Data for Name: Students; Type: TABLE DATA; Schema: public; Owner: postgres
--

COPY public."Students" ("Student_id", "Name", "Group", "Work", "Course", "School", "Email", "Login") FROM stdin;
123456	Иванов Иван Иванович\n	1	1	2	1	Email@email.com	Test_student1
\.


--
-- TOC entry 3002 (class 0 OID 16450)
-- Dependencies: 207
-- Data for Name: Teachers; Type: TABLE DATA; Schema: public; Owner: postgres
--

COPY public."Teachers" ("Teacher_id", "Name", "Password", "Email", "Phone", "Login", "Freetime") FROM stdin;
1	Преподаватель Преподович Преподов	123	Email@Email.com	89519477524	Teacher1	1
\.


--
-- TOC entry 3000 (class 0 OID 16434)
-- Dependencies: 205
-- Data for Name: Work; Type: TABLE DATA; Schema: public; Owner: postgres
--

COPY public."Work" ("Type_id", "Type_name", "General_criteria", "Titles_criteria", "Lists_criteria", "Tables_criteria", "Formulas_criteria", "Pictures_criteria", "Literature_criteria", "Applications_criteria") FROM stdin;
1	Курсовая работа	Общие ошибки	Ошибки в заголовках	Ошибки в списках	Ошибки в табличках	Ошибки в вводе формул	Ошибки в картинках	Ошибки в лит списке	Ошибки в приложении
\.


--
-- TOC entry 3011 (class 0 OID 16533)
-- Dependencies: 216
-- Data for Name: auth_group; Type: TABLE DATA; Schema: public; Owner: postgres
--

COPY public.auth_group (id, name) FROM stdin;
\.


--
-- TOC entry 3013 (class 0 OID 16543)
-- Dependencies: 218
-- Data for Name: auth_group_permissions; Type: TABLE DATA; Schema: public; Owner: postgres
--

COPY public.auth_group_permissions (id, group_id, permission_id) FROM stdin;
\.


--
-- TOC entry 3009 (class 0 OID 16525)
-- Dependencies: 214
-- Data for Name: auth_permission; Type: TABLE DATA; Schema: public; Owner: postgres
--

COPY public.auth_permission (id, name, content_type_id, codename) FROM stdin;
1	Can add log entry	1	add_logentry
2	Can change log entry	1	change_logentry
3	Can delete log entry	1	delete_logentry
4	Can view log entry	1	view_logentry
5	Can add permission	2	add_permission
6	Can change permission	2	change_permission
7	Can delete permission	2	delete_permission
8	Can view permission	2	view_permission
9	Can add group	3	add_group
10	Can change group	3	change_group
11	Can delete group	3	delete_group
12	Can view group	3	view_group
13	Can add user	4	add_user
14	Can change user	4	change_user
15	Can delete user	4	delete_user
16	Can view user	4	view_user
17	Can add content type	5	add_contenttype
18	Can change content type	5	change_contenttype
19	Can delete content type	5	delete_contenttype
20	Can view content type	5	view_contenttype
21	Can add session	6	add_session
22	Can change session	6	change_session
23	Can delete session	6	delete_session
24	Can view session	6	view_session
\.


--
-- TOC entry 3015 (class 0 OID 16551)
-- Dependencies: 220
-- Data for Name: auth_user; Type: TABLE DATA; Schema: public; Owner: postgres
--

COPY public.auth_user (id, password, last_login, is_superuser, username, first_name, last_name, email, is_staff, is_active, date_joined) FROM stdin;
1	pbkdf2_sha256$180000$VWXvP0VfmOaB$YqP0Vgt1uPQidkW27/aePGI73MJSzxKgYYEEWLIsjfY=	2020-03-11 18:05:38.355561+00	t	admin				t	t	2020-03-11 18:05:27.587756+00
\.


--
-- TOC entry 3017 (class 0 OID 16561)
-- Dependencies: 222
-- Data for Name: auth_user_groups; Type: TABLE DATA; Schema: public; Owner: postgres
--

COPY public.auth_user_groups (id, user_id, group_id) FROM stdin;
\.


--
-- TOC entry 3019 (class 0 OID 16569)
-- Dependencies: 224
-- Data for Name: auth_user_user_permissions; Type: TABLE DATA; Schema: public; Owner: postgres
--

COPY public.auth_user_user_permissions (id, user_id, permission_id) FROM stdin;
\.


--
-- TOC entry 3021 (class 0 OID 16629)
-- Dependencies: 226
-- Data for Name: django_admin_log; Type: TABLE DATA; Schema: public; Owner: postgres
--

COPY public.django_admin_log (id, action_time, object_id, object_repr, action_flag, change_message, content_type_id, user_id) FROM stdin;
1	2020-03-11 18:21:10.004164+00	3	Group object (3)	2	[]	7	1
2	2020-03-11 18:21:18.027751+00	3	Group object (3)	2	[]	7	1
3	2020-03-11 18:21:45.397065+00	4	Group object (4)	1	[{"added": {}}]	7	1
4	2020-03-11 20:31:26.599131+00	1	Свободное время для преподавателя: 1	2	[{"changed": {"fields": ["Mon beg", "Mon end", "Tue beg", "Tue end", "Wen beg", "Wen end", "Thu beg", "Thu end", "Fri beg", "Fri end"]}}]	11	1
\.


--
-- TOC entry 3007 (class 0 OID 16515)
-- Dependencies: 212
-- Data for Name: django_content_type; Type: TABLE DATA; Schema: public; Owner: postgres
--

COPY public.django_content_type (id, app_label, model) FROM stdin;
1	admin	logentry
2	auth	permission
3	auth	group
4	auth	user
5	contenttypes	contenttype
6	sessions	session
7	App_Normocontrol	group
8	App_Normocontrol	teachers
9	App_Normocontrol	work
10	App_Normocontrol	students
11	App_Normocontrol	freetime
\.


--
-- TOC entry 3005 (class 0 OID 16504)
-- Dependencies: 210
-- Data for Name: django_migrations; Type: TABLE DATA; Schema: public; Owner: postgres
--

COPY public.django_migrations (id, app, name, applied) FROM stdin;
1	contenttypes	0001_initial	2020-03-11 18:03:16.559895+00
2	auth	0001_initial	2020-03-11 18:03:17.050456+00
3	admin	0001_initial	2020-03-11 18:03:17.679831+00
4	admin	0002_logentry_remove_auto_add	2020-03-11 18:03:17.791322+00
5	admin	0003_logentry_add_action_flag_choices	2020-03-11 18:03:17.800287+00
6	contenttypes	0002_remove_content_type_name	2020-03-11 18:03:17.822399+00
7	auth	0002_alter_permission_name_max_length	2020-03-11 18:03:17.828356+00
8	auth	0003_alter_user_email_max_length	2020-03-11 18:03:17.838331+00
9	auth	0004_alter_user_username_opts	2020-03-11 18:03:17.847332+00
10	auth	0005_alter_user_last_login_null	2020-03-11 18:03:17.857294+00
11	auth	0006_require_contenttypes_0002	2020-03-11 18:03:17.859274+00
12	auth	0007_alter_validators_add_error_messages	2020-03-11 18:03:17.870186+00
13	auth	0008_alter_user_username_max_length	2020-03-11 18:03:17.927394+00
14	auth	0009_alter_user_last_name_max_length	2020-03-11 18:03:17.935373+00
15	auth	0010_alter_group_name_max_length	2020-03-11 18:03:17.945346+00
16	auth	0011_update_proxy_permissions	2020-03-11 18:03:17.953325+00
17	sessions	0001_initial	2020-03-11 18:03:18.050378+00
\.


--
-- TOC entry 3022 (class 0 OID 16660)
-- Dependencies: 227
-- Data for Name: django_session; Type: TABLE DATA; Schema: public; Owner: postgres
--

COPY public.django_session (session_key, session_data, expire_date) FROM stdin;
ktyxpzp4peg0jemo96h0q5zk2kwdbn0a	ZjY5ZjU0M2NhMjkyZDdkZmU4NTYzOWEyNGUxOTI2NDJhNjFiZTUyZDp7Il9hdXRoX3VzZXJfaWQiOiIxIiwiX2F1dGhfdXNlcl9iYWNrZW5kIjoiZGphbmdvLmNvbnRyaWIuYXV0aC5iYWNrZW5kcy5Nb2RlbEJhY2tlbmQiLCJfYXV0aF91c2VyX2hhc2giOiI2OGIzYTBiYjJjMThmMTFkMDcyYTA5NjVmOWVlNWZjZjA2OGE0ODUwIn0=	2020-03-25 18:05:38.356559+00
\.


--
-- TOC entry 3038 (class 0 OID 0)
-- Dependencies: 215
-- Name: auth_group_id_seq; Type: SEQUENCE SET; Schema: public; Owner: postgres
--

SELECT pg_catalog.setval('public.auth_group_id_seq', 1, false);


--
-- TOC entry 3039 (class 0 OID 0)
-- Dependencies: 217
-- Name: auth_group_permissions_id_seq; Type: SEQUENCE SET; Schema: public; Owner: postgres
--

SELECT pg_catalog.setval('public.auth_group_permissions_id_seq', 1, false);


--
-- TOC entry 3040 (class 0 OID 0)
-- Dependencies: 213
-- Name: auth_permission_id_seq; Type: SEQUENCE SET; Schema: public; Owner: postgres
--

SELECT pg_catalog.setval('public.auth_permission_id_seq', 24, true);


--
-- TOC entry 3041 (class 0 OID 0)
-- Dependencies: 221
-- Name: auth_user_groups_id_seq; Type: SEQUENCE SET; Schema: public; Owner: postgres
--

SELECT pg_catalog.setval('public.auth_user_groups_id_seq', 1, false);


--
-- TOC entry 3042 (class 0 OID 0)
-- Dependencies: 219
-- Name: auth_user_id_seq; Type: SEQUENCE SET; Schema: public; Owner: postgres
--

SELECT pg_catalog.setval('public.auth_user_id_seq', 1, true);


--
-- TOC entry 3043 (class 0 OID 0)
-- Dependencies: 223
-- Name: auth_user_user_permissions_id_seq; Type: SEQUENCE SET; Schema: public; Owner: postgres
--

SELECT pg_catalog.setval('public.auth_user_user_permissions_id_seq', 1, false);


--
-- TOC entry 3044 (class 0 OID 0)
-- Dependencies: 225
-- Name: django_admin_log_id_seq; Type: SEQUENCE SET; Schema: public; Owner: postgres
--

SELECT pg_catalog.setval('public.django_admin_log_id_seq', 4, true);


--
-- TOC entry 3045 (class 0 OID 0)
-- Dependencies: 211
-- Name: django_content_type_id_seq; Type: SEQUENCE SET; Schema: public; Owner: postgres
--

SELECT pg_catalog.setval('public.django_content_type_id_seq', 11, true);


--
-- TOC entry 3046 (class 0 OID 0)
-- Dependencies: 209
-- Name: django_migrations_id_seq; Type: SEQUENCE SET; Schema: public; Owner: postgres
--

SELECT pg_catalog.setval('public.django_migrations_id_seq', 17, true);


--
-- TOC entry 2854 (class 2606 OID 16675)
-- Name: Freetime Freetime_pkey; Type: CONSTRAINT; Schema: public; Owner: postgres
--

ALTER TABLE ONLY public."Freetime"
    ADD CONSTRAINT "Freetime_pkey" PRIMARY KEY ("Freetime_id");


--
-- TOC entry 2792 (class 2606 OID 16417)
-- Name: Group Group_pkey; Type: CONSTRAINT; Schema: public; Owner: postgres
--

ALTER TABLE ONLY public."Group"
    ADD CONSTRAINT "Group_pkey" PRIMARY KEY ("Group_id");


--
-- TOC entry 2805 (class 2606 OID 16465)
-- Name: Meeting Meeting_pkey; Type: CONSTRAINT; Schema: public; Owner: postgres
--

ALTER TABLE ONLY public."Meeting"
    ADD CONSTRAINT "Meeting_pkey" PRIMARY KEY ("Meeting_id");


--
-- TOC entry 2796 (class 2606 OID 16433)
-- Name: Meeting_status Meeting_status_pkey; Type: CONSTRAINT; Schema: public; Owner: postgres
--

ALTER TABLE ONLY public."Meeting_status"
    ADD CONSTRAINT "Meeting_status_pkey" PRIMARY KEY ("Status_id");


--
-- TOC entry 2794 (class 2606 OID 16425)
-- Name: School School_pkey; Type: CONSTRAINT; Schema: public; Owner: postgres
--

ALTER TABLE ONLY public."School"
    ADD CONSTRAINT "School_pkey" PRIMARY KEY ("School_id");


--
-- TOC entry 2800 (class 2606 OID 16449)
-- Name: Students Students_pkey; Type: CONSTRAINT; Schema: public; Owner: postgres
--

ALTER TABLE ONLY public."Students"
    ADD CONSTRAINT "Students_pkey" PRIMARY KEY ("Student_id");


--
-- TOC entry 2802 (class 2606 OID 16457)
-- Name: Teachers Teachers_pkey; Type: CONSTRAINT; Schema: public; Owner: postgres
--

ALTER TABLE ONLY public."Teachers"
    ADD CONSTRAINT "Teachers_pkey" PRIMARY KEY ("Teacher_id");


--
-- TOC entry 2798 (class 2606 OID 16441)
-- Name: Work Work_pkey; Type: CONSTRAINT; Schema: public; Owner: postgres
--

ALTER TABLE ONLY public."Work"
    ADD CONSTRAINT "Work_pkey" PRIMARY KEY ("Type_id");


--
-- TOC entry 2819 (class 2606 OID 16658)
-- Name: auth_group auth_group_name_key; Type: CONSTRAINT; Schema: public; Owner: postgres
--

ALTER TABLE ONLY public.auth_group
    ADD CONSTRAINT auth_group_name_key UNIQUE (name);


--
-- TOC entry 2824 (class 2606 OID 16585)
-- Name: auth_group_permissions auth_group_permissions_group_id_permission_id_0cd325b0_uniq; Type: CONSTRAINT; Schema: public; Owner: postgres
--

ALTER TABLE ONLY public.auth_group_permissions
    ADD CONSTRAINT auth_group_permissions_group_id_permission_id_0cd325b0_uniq UNIQUE (group_id, permission_id);


--
-- TOC entry 2827 (class 2606 OID 16548)
-- Name: auth_group_permissions auth_group_permissions_pkey; Type: CONSTRAINT; Schema: public; Owner: postgres
--

ALTER TABLE ONLY public.auth_group_permissions
    ADD CONSTRAINT auth_group_permissions_pkey PRIMARY KEY (id);


--
-- TOC entry 2821 (class 2606 OID 16538)
-- Name: auth_group auth_group_pkey; Type: CONSTRAINT; Schema: public; Owner: postgres
--

ALTER TABLE ONLY public.auth_group
    ADD CONSTRAINT auth_group_pkey PRIMARY KEY (id);


--
-- TOC entry 2814 (class 2606 OID 16576)
-- Name: auth_permission auth_permission_content_type_id_codename_01ab375a_uniq; Type: CONSTRAINT; Schema: public; Owner: postgres
--

ALTER TABLE ONLY public.auth_permission
    ADD CONSTRAINT auth_permission_content_type_id_codename_01ab375a_uniq UNIQUE (content_type_id, codename);


--
-- TOC entry 2816 (class 2606 OID 16530)
-- Name: auth_permission auth_permission_pkey; Type: CONSTRAINT; Schema: public; Owner: postgres
--

ALTER TABLE ONLY public.auth_permission
    ADD CONSTRAINT auth_permission_pkey PRIMARY KEY (id);


--
-- TOC entry 2835 (class 2606 OID 16566)
-- Name: auth_user_groups auth_user_groups_pkey; Type: CONSTRAINT; Schema: public; Owner: postgres
--

ALTER TABLE ONLY public.auth_user_groups
    ADD CONSTRAINT auth_user_groups_pkey PRIMARY KEY (id);


--
-- TOC entry 2838 (class 2606 OID 16600)
-- Name: auth_user_groups auth_user_groups_user_id_group_id_94350c0c_uniq; Type: CONSTRAINT; Schema: public; Owner: postgres
--

ALTER TABLE ONLY public.auth_user_groups
    ADD CONSTRAINT auth_user_groups_user_id_group_id_94350c0c_uniq UNIQUE (user_id, group_id);


--
-- TOC entry 2829 (class 2606 OID 16556)
-- Name: auth_user auth_user_pkey; Type: CONSTRAINT; Schema: public; Owner: postgres
--

ALTER TABLE ONLY public.auth_user
    ADD CONSTRAINT auth_user_pkey PRIMARY KEY (id);


--
-- TOC entry 2841 (class 2606 OID 16574)
-- Name: auth_user_user_permissions auth_user_user_permissions_pkey; Type: CONSTRAINT; Schema: public; Owner: postgres
--

ALTER TABLE ONLY public.auth_user_user_permissions
    ADD CONSTRAINT auth_user_user_permissions_pkey PRIMARY KEY (id);


--
-- TOC entry 2844 (class 2606 OID 16614)
-- Name: auth_user_user_permissions auth_user_user_permissions_user_id_permission_id_14a6b632_uniq; Type: CONSTRAINT; Schema: public; Owner: postgres
--

ALTER TABLE ONLY public.auth_user_user_permissions
    ADD CONSTRAINT auth_user_user_permissions_user_id_permission_id_14a6b632_uniq UNIQUE (user_id, permission_id);


--
-- TOC entry 2832 (class 2606 OID 16652)
-- Name: auth_user auth_user_username_key; Type: CONSTRAINT; Schema: public; Owner: postgres
--

ALTER TABLE ONLY public.auth_user
    ADD CONSTRAINT auth_user_username_key UNIQUE (username);


--
-- TOC entry 2847 (class 2606 OID 16638)
-- Name: django_admin_log django_admin_log_pkey; Type: CONSTRAINT; Schema: public; Owner: postgres
--

ALTER TABLE ONLY public.django_admin_log
    ADD CONSTRAINT django_admin_log_pkey PRIMARY KEY (id);


--
-- TOC entry 2809 (class 2606 OID 16522)
-- Name: django_content_type django_content_type_app_label_model_76bd3d3b_uniq; Type: CONSTRAINT; Schema: public; Owner: postgres
--

ALTER TABLE ONLY public.django_content_type
    ADD CONSTRAINT django_content_type_app_label_model_76bd3d3b_uniq UNIQUE (app_label, model);


--
-- TOC entry 2811 (class 2606 OID 16520)
-- Name: django_content_type django_content_type_pkey; Type: CONSTRAINT; Schema: public; Owner: postgres
--

ALTER TABLE ONLY public.django_content_type
    ADD CONSTRAINT django_content_type_pkey PRIMARY KEY (id);


--
-- TOC entry 2807 (class 2606 OID 16512)
-- Name: django_migrations django_migrations_pkey; Type: CONSTRAINT; Schema: public; Owner: postgres
--

ALTER TABLE ONLY public.django_migrations
    ADD CONSTRAINT django_migrations_pkey PRIMARY KEY (id);


--
-- TOC entry 2851 (class 2606 OID 16667)
-- Name: django_session django_session_pkey; Type: CONSTRAINT; Schema: public; Owner: postgres
--

ALTER TABLE ONLY public.django_session
    ADD CONSTRAINT django_session_pkey PRIMARY KEY (session_key);


--
-- TOC entry 2817 (class 1259 OID 16659)
-- Name: auth_group_name_a6ea08ec_like; Type: INDEX; Schema: public; Owner: postgres
--

CREATE INDEX auth_group_name_a6ea08ec_like ON public.auth_group USING btree (name varchar_pattern_ops);


--
-- TOC entry 2822 (class 1259 OID 16596)
-- Name: auth_group_permissions_group_id_b120cbf9; Type: INDEX; Schema: public; Owner: postgres
--

CREATE INDEX auth_group_permissions_group_id_b120cbf9 ON public.auth_group_permissions USING btree (group_id);


--
-- TOC entry 2825 (class 1259 OID 16597)
-- Name: auth_group_permissions_permission_id_84c5c92e; Type: INDEX; Schema: public; Owner: postgres
--

CREATE INDEX auth_group_permissions_permission_id_84c5c92e ON public.auth_group_permissions USING btree (permission_id);


--
-- TOC entry 2812 (class 1259 OID 16582)
-- Name: auth_permission_content_type_id_2f476e4b; Type: INDEX; Schema: public; Owner: postgres
--

CREATE INDEX auth_permission_content_type_id_2f476e4b ON public.auth_permission USING btree (content_type_id);


--
-- TOC entry 2833 (class 1259 OID 16612)
-- Name: auth_user_groups_group_id_97559544; Type: INDEX; Schema: public; Owner: postgres
--

CREATE INDEX auth_user_groups_group_id_97559544 ON public.auth_user_groups USING btree (group_id);


--
-- TOC entry 2836 (class 1259 OID 16611)
-- Name: auth_user_groups_user_id_6a12ed8b; Type: INDEX; Schema: public; Owner: postgres
--

CREATE INDEX auth_user_groups_user_id_6a12ed8b ON public.auth_user_groups USING btree (user_id);


--
-- TOC entry 2839 (class 1259 OID 16626)
-- Name: auth_user_user_permissions_permission_id_1fbb5f2c; Type: INDEX; Schema: public; Owner: postgres
--

CREATE INDEX auth_user_user_permissions_permission_id_1fbb5f2c ON public.auth_user_user_permissions USING btree (permission_id);


--
-- TOC entry 2842 (class 1259 OID 16625)
-- Name: auth_user_user_permissions_user_id_a95ead1b; Type: INDEX; Schema: public; Owner: postgres
--

CREATE INDEX auth_user_user_permissions_user_id_a95ead1b ON public.auth_user_user_permissions USING btree (user_id);


--
-- TOC entry 2830 (class 1259 OID 16653)
-- Name: auth_user_username_6821ab7c_like; Type: INDEX; Schema: public; Owner: postgres
--

CREATE INDEX auth_user_username_6821ab7c_like ON public.auth_user USING btree (username varchar_pattern_ops);


--
-- TOC entry 2845 (class 1259 OID 16649)
-- Name: django_admin_log_content_type_id_c4bce8eb; Type: INDEX; Schema: public; Owner: postgres
--

CREATE INDEX django_admin_log_content_type_id_c4bce8eb ON public.django_admin_log USING btree (content_type_id);


--
-- TOC entry 2848 (class 1259 OID 16650)
-- Name: django_admin_log_user_id_c564eba6; Type: INDEX; Schema: public; Owner: postgres
--

CREATE INDEX django_admin_log_user_id_c564eba6 ON public.django_admin_log USING btree (user_id);


--
-- TOC entry 2849 (class 1259 OID 16669)
-- Name: django_session_expire_date_a5c62663; Type: INDEX; Schema: public; Owner: postgres
--

CREATE INDEX django_session_expire_date_a5c62663 ON public.django_session USING btree (expire_date);


--
-- TOC entry 2852 (class 1259 OID 16668)
-- Name: django_session_session_key_c0390e0f_like; Type: INDEX; Schema: public; Owner: postgres
--

CREATE INDEX django_session_session_key_c0390e0f_like ON public.django_session USING btree (session_key varchar_pattern_ops);


--
-- TOC entry 2803 (class 1259 OID 16681)
-- Name: fki_Freetime; Type: INDEX; Schema: public; Owner: postgres
--

CREATE INDEX "fki_Freetime" ON public."Teachers" USING btree ("Freetime");


--
-- TOC entry 2858 (class 2606 OID 16676)
-- Name: Teachers Freetime; Type: FK CONSTRAINT; Schema: public; Owner: postgres
--

ALTER TABLE ONLY public."Teachers"
    ADD CONSTRAINT "Freetime" FOREIGN KEY ("Freetime") REFERENCES public."Freetime"("Freetime_id");


--
-- TOC entry 2856 (class 2606 OID 16486)
-- Name: Students Group; Type: FK CONSTRAINT; Schema: public; Owner: postgres
--

ALTER TABLE ONLY public."Students"
    ADD CONSTRAINT "Group" FOREIGN KEY ("Group") REFERENCES public."Group"("Group_id") NOT VALID;


--
-- TOC entry 2857 (class 2606 OID 16491)
-- Name: Students School; Type: FK CONSTRAINT; Schema: public; Owner: postgres
--

ALTER TABLE ONLY public."Students"
    ADD CONSTRAINT "School" FOREIGN KEY ("School") REFERENCES public."School"("School_id") NOT VALID;


--
-- TOC entry 2861 (class 2606 OID 16476)
-- Name: Meeting Status; Type: FK CONSTRAINT; Schema: public; Owner: postgres
--

ALTER TABLE ONLY public."Meeting"
    ADD CONSTRAINT "Status" FOREIGN KEY ("Meeting_status") REFERENCES public."Meeting_status"("Status_id") NOT VALID;


--
-- TOC entry 2859 (class 2606 OID 16466)
-- Name: Meeting Student; Type: FK CONSTRAINT; Schema: public; Owner: postgres
--

ALTER TABLE ONLY public."Meeting"
    ADD CONSTRAINT "Student" FOREIGN KEY ("Student") REFERENCES public."Students"("Student_id") NOT VALID;


--
-- TOC entry 2860 (class 2606 OID 16471)
-- Name: Meeting Teacher; Type: FK CONSTRAINT; Schema: public; Owner: postgres
--

ALTER TABLE ONLY public."Meeting"
    ADD CONSTRAINT "Teacher" FOREIGN KEY ("Teacher") REFERENCES public."Teachers"("Teacher_id") NOT VALID;


--
-- TOC entry 2855 (class 2606 OID 16481)
-- Name: Students Work; Type: FK CONSTRAINT; Schema: public; Owner: postgres
--

ALTER TABLE ONLY public."Students"
    ADD CONSTRAINT "Work" FOREIGN KEY ("Work") REFERENCES public."Work"("Type_id") NOT VALID;


--
-- TOC entry 2864 (class 2606 OID 16591)
-- Name: auth_group_permissions auth_group_permissio_permission_id_84c5c92e_fk_auth_perm; Type: FK CONSTRAINT; Schema: public; Owner: postgres
--

ALTER TABLE ONLY public.auth_group_permissions
    ADD CONSTRAINT auth_group_permissio_permission_id_84c5c92e_fk_auth_perm FOREIGN KEY (permission_id) REFERENCES public.auth_permission(id) DEFERRABLE INITIALLY DEFERRED;


--
-- TOC entry 2863 (class 2606 OID 16586)
-- Name: auth_group_permissions auth_group_permissions_group_id_b120cbf9_fk_auth_group_id; Type: FK CONSTRAINT; Schema: public; Owner: postgres
--

ALTER TABLE ONLY public.auth_group_permissions
    ADD CONSTRAINT auth_group_permissions_group_id_b120cbf9_fk_auth_group_id FOREIGN KEY (group_id) REFERENCES public.auth_group(id) DEFERRABLE INITIALLY DEFERRED;


--
-- TOC entry 2862 (class 2606 OID 16577)
-- Name: auth_permission auth_permission_content_type_id_2f476e4b_fk_django_co; Type: FK CONSTRAINT; Schema: public; Owner: postgres
--

ALTER TABLE ONLY public.auth_permission
    ADD CONSTRAINT auth_permission_content_type_id_2f476e4b_fk_django_co FOREIGN KEY (content_type_id) REFERENCES public.django_content_type(id) DEFERRABLE INITIALLY DEFERRED;


--
-- TOC entry 2866 (class 2606 OID 16606)
-- Name: auth_user_groups auth_user_groups_group_id_97559544_fk_auth_group_id; Type: FK CONSTRAINT; Schema: public; Owner: postgres
--

ALTER TABLE ONLY public.auth_user_groups
    ADD CONSTRAINT auth_user_groups_group_id_97559544_fk_auth_group_id FOREIGN KEY (group_id) REFERENCES public.auth_group(id) DEFERRABLE INITIALLY DEFERRED;


--
-- TOC entry 2865 (class 2606 OID 16601)
-- Name: auth_user_groups auth_user_groups_user_id_6a12ed8b_fk_auth_user_id; Type: FK CONSTRAINT; Schema: public; Owner: postgres
--

ALTER TABLE ONLY public.auth_user_groups
    ADD CONSTRAINT auth_user_groups_user_id_6a12ed8b_fk_auth_user_id FOREIGN KEY (user_id) REFERENCES public.auth_user(id) DEFERRABLE INITIALLY DEFERRED;


--
-- TOC entry 2868 (class 2606 OID 16620)
-- Name: auth_user_user_permissions auth_user_user_permi_permission_id_1fbb5f2c_fk_auth_perm; Type: FK CONSTRAINT; Schema: public; Owner: postgres
--

ALTER TABLE ONLY public.auth_user_user_permissions
    ADD CONSTRAINT auth_user_user_permi_permission_id_1fbb5f2c_fk_auth_perm FOREIGN KEY (permission_id) REFERENCES public.auth_permission(id) DEFERRABLE INITIALLY DEFERRED;


--
-- TOC entry 2867 (class 2606 OID 16615)
-- Name: auth_user_user_permissions auth_user_user_permissions_user_id_a95ead1b_fk_auth_user_id; Type: FK CONSTRAINT; Schema: public; Owner: postgres
--

ALTER TABLE ONLY public.auth_user_user_permissions
    ADD CONSTRAINT auth_user_user_permissions_user_id_a95ead1b_fk_auth_user_id FOREIGN KEY (user_id) REFERENCES public.auth_user(id) DEFERRABLE INITIALLY DEFERRED;


--
-- TOC entry 2869 (class 2606 OID 16639)
-- Name: django_admin_log django_admin_log_content_type_id_c4bce8eb_fk_django_co; Type: FK CONSTRAINT; Schema: public; Owner: postgres
--

ALTER TABLE ONLY public.django_admin_log
    ADD CONSTRAINT django_admin_log_content_type_id_c4bce8eb_fk_django_co FOREIGN KEY (content_type_id) REFERENCES public.django_content_type(id) DEFERRABLE INITIALLY DEFERRED;


--
-- TOC entry 2870 (class 2606 OID 16644)
-- Name: django_admin_log django_admin_log_user_id_c564eba6_fk_auth_user_id; Type: FK CONSTRAINT; Schema: public; Owner: postgres
--

ALTER TABLE ONLY public.django_admin_log
    ADD CONSTRAINT django_admin_log_user_id_c564eba6_fk_auth_user_id FOREIGN KEY (user_id) REFERENCES public.auth_user(id) DEFERRABLE INITIALLY DEFERRED;


-- Completed on 2020-03-12 01:44:46

--
-- PostgreSQL database dump complete
--

